<application>
  <component name="ParameterNameHintsSettings">
    <option id="angular.show.names.for.all.args" value="true" />
    <option id="sql.show.column.names.for.set.operations" value="true" />
    <option id="js.param.hints.show.names.for.all.args" value="true" />
    <option id="java.enums" value="false" />
    <option id="sql.show.column.names.for.asterisk" value="true" />
    <option id="sql.show.column.names.in.insert.values" value="true" />
    <option id="js.only.show.names.for.all.args" value="true" />
    <option id="java.new.expr" value="false" />
    <option id="vuejs.show.names.for.all.args" value="true" />
    <option id="sql.show.column.names.in.select" value="true" />
    <disabledLanguages>
      <language id="JAVA" />
    </disabledLanguages>
  </component>
</application>